<?xml version="1.0" encoding="UTF-8"?>
<sy:switchyard xmlns:bpm="urn:switchyard-component-bpm:config:2.0" xmlns:camel="urn:switchyard-component-camel:config:2.0" xmlns:http="urn:switchyard-component-http:config:2.0" xmlns:sca="http://docs.oasis-open.org/ns/opencsa/sca/200912" xmlns:sy="urn:switchyard-config:switchyard:2.0" xmlns:transform="urn:switchyard-config:transform:2.0" name="ProjectMadhav" targetNamespace="urn:com.vzw.poc:ProjectMadhav:1.0">
  <sca:composite name="ProjectMadhav" targetNamespace="urn:com.vzw.poc:ProjectMadhav:1.0">
    <sca:component name="OrchestationFlowInCamel">
      <camel:implementation.camel>
        <camel:java class="com.vzw.poc.ProjectMadhav.OrchestationFlowInCamel"/>
      </camel:implementation.camel>
      <sca:service name="CamInterface">
        <sca:interface.java interface="com.vzw.poc.ProjectMadhav.CamInterface"/>
      </sca:service>
      <sca:reference name="ProcessInterface">
        <sca:interface.java interface="com.vzw.poc.ProjectMadhav.ProcessInterface"/>
      </sca:reference>
    </sca:component>
    <sca:service name="CamInterface" promote="OrchestationFlowInCamel/CamInterface">
      <sca:interface.java interface="com.vzw.poc.ProjectMadhav.CamInterface"/>
      <http:binding.http name="http">
        <sy:operationSelector operationName="processOrchFlow"/>
        <http:contextPath>ProjectMadhav</http:contextPath>
      </http:binding.http>
    </sca:service>
    <sca:component name="LaunchFallout">
      <bpm:implementation.bpm persistent="true" processId="ProcessInterface">
        <bpm:manifest>
          <bpm:resources>
            <bpm:resource location="launchFallout.bpmn" type="BPMN2"/>
          </bpm:resources>
        </bpm:manifest>
        <bpm:operations>
          <bpm:operation name="launchFallout" type="START_PROCESS">
            <bpm:inputs>
              <bpm:input from="message.content" to="falloutBO"/>
            </bpm:inputs>
            <bpm:outputs/>
          </bpm:operation>
        </bpm:operations>
      </bpm:implementation.bpm>
      <sca:service name="ProcessInterface">
        <sca:interface.java interface="com.vzw.poc.ProjectMadhav.ProcessInterface"/>
      </sca:service>
      <sca:reference name="CamInterface">
        <sca:interface.java interface="com.vzw.poc.ProjectMadhav.CamInterface"/>
      </sca:reference>
    </sca:component>
    <sca:service name="ProcessInterface" promote="LaunchFallout/ProcessInterface">
      <sca:interface.java interface="com.vzw.poc.ProjectMadhav.ProcessInterface"/>
      <http:binding.http name="processHttp">
        <sy:operationSelector operationName="launchFallout"/>
        <http:contextPath>ProjectMadhav/launchFallout</http:contextPath>
      </http:binding.http>
    </sca:service>
  </sca:composite>
  <sy:transforms>
    <transform:transform.jaxb from="java:java.lang.String" to="{urn:com.vzw.poc:ProjectMadhav:1.0}processOrchFlowResponse"/>
    <transform:transform.jaxb from="{urn:com.vzw.poc:ProjectMadhav:1.0}processOrchFlow" to="java:java.lang.String"/>
  </sy:transforms>
</sy:switchyard>