<?xml version="1.0" encoding="UTF-8"?>
<sy:switchyard xmlns:bean="urn:switchyard-component-bean:config:2.0" xmlns:bpm="urn:switchyard-component-bpm:config:2.0" xmlns:sca="http://docs.oasis-open.org/ns/opencsa/sca/200912" xmlns:soap="urn:switchyard-component-soap:config:2.0" xmlns:sy="urn:switchyard-config:switchyard:2.0" name="bpmn-Service-call" targetNamespace="urn:com.example.switchyard:bpmn-Service-call:1.0">
  <sca:composite name="bpmn-Service-call" targetNamespace="urn:com.example.switchyard:bpmn-Service-call:1.0">
    <sca:component name="BpmnProcess">
      <bpm:implementation.bpm persistent="false" processId="bpmwsdl">
        <bpm:manifest>
          <bpm:resources>
            <bpm:resource location="bpmnProcess.bpmn" type="BPMN2"/>
          </bpm:resources>
        </bpm:manifest>
        <bpm:operations>
          <bpm:operation name="NewOperation" type="START_PROCESS">
            <bpm:inputs>
              <bpm:input from="message.content" to="Parameter"/>
            </bpm:inputs>
            <bpm:outputs>
              <bpm:output from="Result" to="message.content"/>
            </bpm:outputs>
          </bpm:operation>
        </bpm:operations>
      </bpm:implementation.bpm>
      <sca:service name="bpmwsdl">
        <sca:interface.wsdl interface="bpmwsdl.wsdl#wsdl.porttype(bpmwsdl)"/>
      </sca:service>
      <sca:reference name="AppenedMessage">
        <sca:interface.java interface="com.example.switchyard.bpmn_Service_call.AppenedMessage"/>
      </sca:reference>
    </sca:component>
    <sca:service name="bpmwsdl" promote="BpmnProcess/bpmwsdl">
      <sca:interface.wsdl interface="bpmwsdl.wsdl#wsdl.porttype(bpmwsdl)"/>
      <soap:binding.soap name="bpmnsoap">
        <soap:contextMapper soapHeadersType="VALUE"/>
        <soap:wsdl>bpmwsdl.wsdl</soap:wsdl>
        <soap:socketAddr>localhost:${jettyPort}</soap:socketAddr>
        <soap:contextPath>bpmnsoap</soap:contextPath>
      </soap:binding.soap>
    </sca:service>
    <sca:component name="AppenedMessageBean">
      <bean:implementation.bean class="com.example.switchyard.bpmn_Service_call.AppenedMessageBean"/>
      <sca:service name="AppenedMessage">
        <sca:interface.java interface="com.example.switchyard.bpmn_Service_call.AppenedMessage"/>
      </sca:service>
    </sca:component>
  </sca:composite>
</sy:switchyard>